,mean_fit_time,std_fit_time,mean_score_time,std_score_time,param_n_estimators,param_min_samples_split,param_min_samples_leaf,param_max_features,param_max_depth,param_criterion,param_class_weight,params,mean_test_score,std_test_score,rank_test_score
5,0.20914654493331908,0.01345867239383166,0.011333768367767333,0.0017208592156376238,80,21,60,auto,40,gini,"{1: 0.7832436587240584, 0: 0.2167563412759416}","{'n_estimators': 80, 'min_samples_split': 21, 'min_samples_leaf': 60, 'max_features': 'auto', 'max_depth': 40, 'criterion': 'gini', 'class_weight': {1: 0.7832436587240584, 0: 0.2167563412759416}}",0.599656862745098,0.031146572665680116,1
52,0.2076166582107544,0.00647307711610375,0.011392836570739745,0.0016968046185452134,80,21,54,log2,20,gini,"{1: 0.7832436587240584, 0: 0.2167563412759416}","{'n_estimators': 80, 'min_samples_split': 21, 'min_samples_leaf': 54, 'max_features': 'log2', 'max_depth': 20, 'criterion': 'gini', 'class_weight': {1: 0.7832436587240584, 0: 0.2167563412759416}}",0.5995626934984519,0.029595195563878886,2
39,0.22413914442062377,0.029965599825326313,0.011643497943878174,0.001983134960326135,80,19,54,log2,40,gini,"{1: 0.7832436587240584, 0: 0.2167563412759416}","{'n_estimators': 80, 'min_samples_split': 19, 'min_samples_leaf': 54, 'max_features': 'log2', 'max_depth': 40, 'criterion': 'gini', 'class_weight': {1: 0.7832436587240584, 0: 0.2167563412759416}}",0.5995626934984519,0.029595195563878886,2
44,0.3645702075958252,0.012355959128041355,0.0170143461227417,0.0012210052297173387,130,17,59,auto,40,entropy,"{1: 0.7832436587240584, 0: 0.2167563412759416}","{'n_estimators': 130, 'min_samples_split': 17, 'min_samples_leaf': 59, 'max_features': 'auto', 'max_depth': 40, 'criterion': 'entropy', 'class_weight': {1: 0.7832436587240584, 0: 0.2167563412759416}}",0.5994736842105263,0.03150877511550572,4
99,0.24038547039031982,0.030276270933509594,0.012613272666931153,0.004084548183555171,80,15,52,log2,40,gini,"{1: 0.7832436587240584, 0: 0.2167563412759416}","{'n_estimators': 80, 'min_samples_split': 15, 'min_samples_leaf': 52, 'max_features': 'log2', 'max_depth': 40, 'criterion': 'gini', 'class_weight': {1: 0.7832436587240584, 0: 0.2167563412759416}}",0.599251805985552,0.030531404239471593,5
41,0.21968652486801146,0.011973280867388412,0.011562998294830323,0.001407807069639915,80,19,52,log2,20,gini,"{1: 0.7832436587240584, 0: 0.2167563412759416}","{'n_estimators': 80, 'min_samples_split': 19, 'min_samples_leaf': 52, 'max_features': 'log2', 'max_depth': 20, 'criterion': 'gini', 'class_weight': {1: 0.7832436587240584, 0: 0.2167563412759416}}",0.599251805985552,0.030531404239471593,5
35,0.24003822565078736,0.02307700245427668,0.012392730712890624,0.003516386950182708,80,19,52,auto,25,gini,"{1: 0.7832436587240584, 0: 0.2167563412759416}","{'n_estimators': 80, 'min_samples_split': 19, 'min_samples_leaf': 52, 'max_features': 'auto', 'max_depth': 25, 'criterion': 'gini', 'class_weight': {1: 0.7832436587240584, 0: 0.2167563412759416}}",0.599251805985552,0.030531404239471593,5
27,0.23386237621307374,0.023763495410060884,0.012322995662689209,0.0030559572022586094,80,15,57,log2,30,gini,"{1: 0.7832436587240584, 0: 0.2167563412759416}","{'n_estimators': 80, 'min_samples_split': 15, 'min_samples_leaf': 57, 'max_features': 'log2', 'max_depth': 30, 'criterion': 'gini', 'class_weight': {1: 0.7832436587240584, 0: 0.2167563412759416}}",0.5992247162022704,0.03146214588232297,8
57,0.302578010559082,0.02974015458204213,0.015033667087554931,0.004604426233781933,100,19,58,auto,35,entropy,"{1: 0.7832436587240584, 0: 0.2167563412759416}","{'n_estimators': 100, 'min_samples_split': 19, 'min_samples_leaf': 58, 'max_features': 'auto', 'max_depth': 35, 'criterion': 'entropy', 'class_weight': {1: 0.7832436587240584, 0: 0.2167563412759416}}",0.5991279669762641,0.03226882469478867,9
37,0.3127607369422913,0.048273402637142374,0.015353126525878906,0.005020154786794639,100,15,58,log2,30,entropy,"{1: 0.7832436587240584, 0: 0.2167563412759416}","{'n_estimators': 100, 'min_samples_split': 15, 'min_samples_leaf': 58, 'max_features': 'log2', 'max_depth': 30, 'criterion': 'entropy', 'class_weight': {1: 0.7832436587240584, 0: 0.2167563412759416}}",0.5991279669762641,0.03226882469478867,9
93,0.3128204846382141,0.03277616746023088,0.014983294010162353,0.0027320487280153593,100,23,60,auto,20,entropy,"{1: 0.7832436587240584, 0: 0.2167563412759416}","{'n_estimators': 100, 'min_samples_split': 23, 'min_samples_leaf': 60, 'max_features': 'auto', 'max_depth': 20, 'criterion': 'entropy', 'class_weight': {1: 0.7832436587240584, 0: 0.2167563412759416}}",0.5989899380804953,0.0325977898694777,11
49,0.290623722076416,0.015352913029892295,0.013974614143371582,0.0025035451743180507,100,17,60,log2,20,entropy,"{1: 0.7832436587240584, 0: 0.2167563412759416}","{'n_estimators': 100, 'min_samples_split': 17, 'min_samples_leaf': 60, 'max_features': 'log2', 'max_depth': 20, 'criterion': 'entropy', 'class_weight': {1: 0.7832436587240584, 0: 0.2167563412759416}}",0.5989899380804953,0.0325977898694777,11
34,0.26260986089706423,0.02729442683963912,0.013968787193298339,0.005080557141522004,90,15,58,log2,20,gini,"{1: 0.7832436587240584, 0: 0.2167563412759416}","{'n_estimators': 90, 'min_samples_split': 15, 'min_samples_leaf': 58, 'max_features': 'log2', 'max_depth': 20, 'criterion': 'gini', 'class_weight': {1: 0.7832436587240584, 0: 0.2167563412759416}}",0.5989331785345717,0.031482357401954916,13
77,0.2751762771606445,0.015526884764311903,0.013903207778930664,0.0019108113081629278,100,23,57,log2,30,gini,"{1: 0.7832436587240584, 0: 0.2167563412759416}","{'n_estimators': 100, 'min_samples_split': 23, 'min_samples_leaf': 57, 'max_features': 'log2', 'max_depth': 30, 'criterion': 'gini', 'class_weight': {1: 0.7832436587240584, 0: 0.2167563412759416}}",0.5989164086687306,0.03219250855357442,14
67,0.30974363088607787,0.01094524488344578,0.015889027118682862,0.0014831196152796729,120,23,60,log2,20,gini,"{1: 0.7832436587240584, 0: 0.2167563412759416}","{'n_estimators': 120, 'min_samples_split': 23, 'min_samples_leaf': 60, 'max_features': 'log2', 'max_depth': 20, 'criterion': 'gini', 'class_weight': {1: 0.7832436587240584, 0: 0.2167563412759416}}",0.5986764705882353,0.031322143872066985,15
51,0.313760085105896,0.016384989343396644,0.01613361597061157,0.002176223684049559,120,21,60,log2,30,gini,"{1: 0.7832436587240584, 0: 0.2167563412759416}","{'n_estimators': 120, 'min_samples_split': 21, 'min_samples_leaf': 60, 'max_features': 'log2', 'max_depth': 30, 'criterion': 'gini', 'class_weight': {1: 0.7832436587240584, 0: 0.2167563412759416}}",0.5986764705882353,0.031322143872066985,15
14,0.4169198560714722,0.013451875770521309,0.019474971294403075,0.0017523046058282932,150,21,59,log2,35,entropy,"{1: 0.7832436587240584, 0: 0.2167563412759416}","{'n_estimators': 150, 'min_samples_split': 21, 'min_samples_leaf': 59, 'max_features': 'log2', 'max_depth': 35, 'criterion': 'entropy', 'class_weight': {1: 0.7832436587240584, 0: 0.2167563412759416}}",0.5986674406604747,0.03146210864683518,17
90,0.31449657440185547,0.028050420972625903,0.015784273147583006,0.0026139195068883283,110,17,60,log2,40,gini,"{1: 0.7832436587240584, 0: 0.2167563412759416}","{'n_estimators': 110, 'min_samples_split': 17, 'min_samples_leaf': 60, 'max_features': 'log2', 'max_depth': 40, 'criterion': 'gini', 'class_weight': {1: 0.7832436587240584, 0: 0.2167563412759416}}",0.5986274509803922,0.030908256752134895,18
65,0.23470079898834229,0.011820718620496386,0.011788227558135987,0.0024015154465443405,80,17,55,auto,25,entropy,"{1: 0.7832436587240584, 0: 0.2167563412759416}","{'n_estimators': 80, 'min_samples_split': 17, 'min_samples_leaf': 55, 'max_features': 'auto', 'max_depth': 25, 'criterion': 'entropy', 'class_weight': {1: 0.7832436587240584, 0: 0.2167563412759416}}",0.5986055211558308,0.030309217677734385,19
61,0.24289092063903808,0.022513028590064467,0.012028257846832275,0.002191892361996525,80,23,55,log2,25,entropy,"{1: 0.7832436587240584, 0: 0.2167563412759416}","{'n_estimators': 80, 'min_samples_split': 23, 'min_samples_leaf': 55, 'max_features': 'log2', 'max_depth': 25, 'criterion': 'entropy', 'class_weight': {1: 0.7832436587240584, 0: 0.2167563412759416}}",0.5986055211558308,0.030309217677734385,19
3,0.20956962585449218,0.01164909494976636,0.01141064167022705,0.0020756587245346196,80,21,56,log2,35,gini,"{1: 0.7832436587240584, 0: 0.2167563412759416}","{'n_estimators': 80, 'min_samples_split': 21, 'min_samples_leaf': 56, 'max_features': 'log2', 'max_depth': 35, 'criterion': 'gini', 'class_weight': {1: 0.7832436587240584, 0: 0.2167563412759416}}",0.5985990712074303,0.030396406632638158,21
13,0.2661814284324646,0.013533811095010964,0.01365175485610962,0.001221727029294798,100,15,58,log2,40,gini,"{1: 0.7832436587240584, 0: 0.2167563412759416}","{'n_estimators': 100, 'min_samples_split': 15, 'min_samples_leaf': 58, 'max_features': 'log2', 'max_depth': 40, 'criterion': 'gini', 'class_weight': {1: 0.7832436587240584, 0: 0.2167563412759416}}",0.5985990712074302,0.03196929775736409,22
30,0.25627745628356935,0.00807217809915689,0.013383476734161378,0.0013329037107817768,100,21,58,log2,35,gini,"{1: 0.7832436587240584, 0: 0.2167563412759416}","{'n_estimators': 100, 'min_samples_split': 21, 'min_samples_leaf': 58, 'max_features': 'log2', 'max_depth': 35, 'criterion': 'gini', 'class_weight': {1: 0.7832436587240584, 0: 0.2167563412759416}}",0.5985990712074302,0.03196929775736409,22
20,0.23584305763244628,0.013195794207561817,0.01159229040145874,0.0016009221595608466,80,23,60,auto,25,entropy,"{1: 0.7832436587240584, 0: 0.2167563412759416}","{'n_estimators': 80, 'min_samples_split': 23, 'min_samples_leaf': 60, 'max_features': 'auto', 'max_depth': 25, 'criterion': 'entropy', 'class_weight': {1: 0.7832436587240584, 0: 0.2167563412759416}}",0.5985964912280701,0.031986562257196045,24
83,0.3945056986808777,0.018701939963904644,0.019504756927490235,0.001758134186014444,150,23,57,log2,25,gini,"{1: 0.7832436587240584, 0: 0.2167563412759416}","{'n_estimators': 150, 'min_samples_split': 23, 'min_samples_leaf': 57, 'max_features': 'log2', 'max_depth': 25, 'criterion': 'gini', 'class_weight': {1: 0.7832436587240584, 0: 0.2167563412759416}}",0.5985706914344685,0.03052352351879062,25
7,0.18625469207763673,0.014118218910661885,0.00992231845855713,0.0011891018549492456,70,17,58,log2,20,gini,"{1: 0.7832436587240584, 0: 0.2167563412759416}","{'n_estimators': 70, 'min_samples_split': 17, 'min_samples_leaf': 58, 'max_features': 'log2', 'max_depth': 20, 'criterion': 'gini', 'class_weight': {1: 0.7832436587240584, 0: 0.2167563412759416}}",0.5984907120743034,0.031173019002239545,26
10,0.24123425483703614,0.01748172620925839,0.012672927379608154,0.0016501058234114638,90,15,60,auto,30,gini,"{1: 0.7832436587240584, 0: 0.2167563412759416}","{'n_estimators': 90, 'min_samples_split': 15, 'min_samples_leaf': 60, 'max_features': 'auto', 'max_depth': 30, 'criterion': 'gini', 'class_weight': {1: 0.7832436587240584, 0: 0.2167563412759416}}",0.5984404024767802,0.03161753334900242,27
19,0.4303824210166931,0.018657127042001658,0.01980491876602173,0.002135624122135653,150,23,58,log2,35,entropy,"{1: 0.7832436587240584, 0: 0.2167563412759416}","{'n_estimators': 150, 'min_samples_split': 23, 'min_samples_leaf': 58, 'max_features': 'log2', 'max_depth': 35, 'criterion': 'entropy', 'class_weight': {1: 0.7832436587240584, 0: 0.2167563412759416}}",0.5983978328173375,0.030817751294572093,28
73,0.21692867517471315,0.016428245204670115,0.01079240083694458,0.0022471248103374474,70,17,57,log2,40,entropy,"{1: 0.7832436587240584, 0: 0.2167563412759416}","{'n_estimators': 70, 'min_samples_split': 17, 'min_samples_leaf': 57, 'max_features': 'log2', 'max_depth': 40, 'criterion': 'entropy', 'class_weight': {1: 0.7832436587240584, 0: 0.2167563412759416}}",0.5983513931888546,0.03174408628218626,29
96,0.35950068712234495,0.02717027278442074,0.017914447784423828,0.002695475321615861,130,21,58,auto,35,gini,"{1: 0.7832436587240584, 0: 0.2167563412759416}","{'n_estimators': 130, 'min_samples_split': 21, 'min_samples_leaf': 58, 'max_features': 'auto', 'max_depth': 35, 'criterion': 'gini', 'class_weight': {1: 0.7832436587240584, 0: 0.2167563412759416}}",0.5983088235294117,0.03125295509484109,30
18,0.35849090576171877,0.021663026961190678,0.01781379699707031,0.0026148882381900325,130,21,52,auto,30,gini,"{1: 0.7832436587240584, 0: 0.2167563412759416}","{'n_estimators': 130, 'min_samples_split': 21, 'min_samples_leaf': 52, 'max_features': 'auto', 'max_depth': 30, 'criterion': 'gini', 'class_weight': {1: 0.7832436587240584, 0: 0.2167563412759416}}",0.598297213622291,0.0312943892481791,31
86,0.272685284614563,0.02211682219243219,0.012848711013793946,0.0025257497986913833,90,17,50,log2,25,entropy,"{1: 0.7832436587240584, 0: 0.2167563412759416}","{'n_estimators': 90, 'min_samples_split': 17, 'min_samples_leaf': 50, 'max_features': 'log2', 'max_depth': 25, 'criterion': 'entropy', 'class_weight': {1: 0.7832436587240584, 0: 0.2167563412759416}}",0.5982804437564498,0.03251968885654974,32
33,0.2689861845970154,0.03710751721202262,0.012668375968933105,0.00387590889908216,80,21,50,auto,20,entropy,"{1: 0.7832436587240584, 0: 0.2167563412759416}","{'n_estimators': 80, 'min_samples_split': 21, 'min_samples_leaf': 50, 'max_features': 'auto', 'max_depth': 20, 'criterion': 'entropy', 'class_weight': {1: 0.7832436587240584, 0: 0.2167563412759416}}",0.5982159442724457,0.030548789528240024,33
0,0.21880409717559815,0.01114388954672473,0.011432082653045654,0.002388850361091512,80,19,59,log2,20,entropy,"{1: 0.7832436587240584, 0: 0.2167563412759416}","{'n_estimators': 80, 'min_samples_split': 19, 'min_samples_leaf': 59, 'max_features': 'log2', 'max_depth': 20, 'criterion': 'entropy', 'class_weight': {1: 0.7832436587240584, 0: 0.2167563412759416}}",0.5982133642930857,0.03140174783683412,34
72,0.2368525266647339,0.012888425405904604,0.011818742752075196,0.0017229970479096814,80,19,59,auto,20,entropy,"{1: 0.7832436587240584, 0: 0.2167563412759416}","{'n_estimators': 80, 'min_samples_split': 19, 'min_samples_leaf': 59, 'max_features': 'auto', 'max_depth': 20, 'criterion': 'entropy', 'class_weight': {1: 0.7832436587240584, 0: 0.2167563412759416}}",0.5982133642930857,0.03140174783683412,34
70,0.28573795795440676,0.027596062537484128,0.014583232402801514,0.0033625259423585136,100,15,54,log2,20,gini,"{1: 0.7832436587240584, 0: 0.2167563412759416}","{'n_estimators': 100, 'min_samples_split': 15, 'min_samples_leaf': 54, 'max_features': 'log2', 'max_depth': 20, 'criterion': 'gini', 'class_weight': {1: 0.7832436587240584, 0: 0.2167563412759416}}",0.5982133642930856,0.030914388715862724,36
21,0.20727638959884642,0.010434809105310939,0.01013273000717163,0.001026354130754183,70,23,54,auto,20,entropy,"{1: 0.7832436587240584, 0: 0.2167563412759416}","{'n_estimators': 70, 'min_samples_split': 23, 'min_samples_leaf': 54, 'max_features': 'auto', 'max_depth': 20, 'criterion': 'entropy', 'class_weight': {1: 0.7832436587240584, 0: 0.2167563412759416}}",0.5982120743034056,0.030055133007628937,37
92,0.22360021591186524,0.029683029822307038,0.010702455043792724,0.0036298912393628088,70,15,54,auto,25,entropy,"{1: 0.7832436587240584, 0: 0.2167563412759416}","{'n_estimators': 70, 'min_samples_split': 15, 'min_samples_leaf': 54, 'max_features': 'auto', 'max_depth': 25, 'criterion': 'entropy', 'class_weight': {1: 0.7832436587240584, 0: 0.2167563412759416}}",0.5982120743034056,0.030055133007628937,37
23,0.29693044900894167,0.015301036750135623,0.013993635177612304,0.0018901745186395878,100,21,57,log2,25,entropy,"{1: 0.7832436587240584, 0: 0.2167563412759416}","{'n_estimators': 100, 'min_samples_split': 21, 'min_samples_leaf': 57, 'max_features': 'log2', 'max_depth': 25, 'criterion': 'entropy', 'class_weight': {1: 0.7832436587240584, 0: 0.2167563412759416}}",0.598204334365325,0.032446556712131154,39
29,0.2586681294441223,0.007419865168029056,0.013513178825378417,0.001220804589672178,100,15,52,log2,35,gini,"{1: 0.7832436587240584, 0: 0.2167563412759416}","{'n_estimators': 100, 'min_samples_split': 15, 'min_samples_leaf': 52, 'max_features': 'log2', 'max_depth': 35, 'criterion': 'gini', 'class_weight': {1: 0.7832436587240584, 0: 0.2167563412759416}}",0.5981617647058823,0.030787686060518224,40
50,0.27939159870147706,0.022507805516767062,0.014213707447052002,0.0018349332553887665,100,17,52,auto,30,gini,"{1: 0.7832436587240584, 0: 0.2167563412759416}","{'n_estimators': 100, 'min_samples_split': 17, 'min_samples_leaf': 52, 'max_features': 'auto', 'max_depth': 30, 'criterion': 'gini', 'class_weight': {1: 0.7832436587240584, 0: 0.2167563412759416}}",0.5981617647058823,0.030787686060518224,40
74,0.27234692811965944,0.01728047964957377,0.012993814945220948,0.002496374725070763,90,19,57,log2,20,entropy,"{1: 0.7832436587240584, 0: 0.2167563412759416}","{'n_estimators': 90, 'min_samples_split': 19, 'min_samples_leaf': 57, 'max_features': 'log2', 'max_depth': 20, 'criterion': 'entropy', 'class_weight': {1: 0.7832436587240584, 0: 0.2167563412759416}}",0.5981166150670795,0.03275132135329114,42
63,0.3367952871322632,0.0448446388096535,0.01518362045288086,0.001992242634104158,110,17,55,log2,25,entropy,"{1: 0.7832436587240584, 0: 0.2167563412759416}","{'n_estimators': 110, 'min_samples_split': 17, 'min_samples_leaf': 55, 'max_features': 'log2', 'max_depth': 25, 'criterion': 'entropy', 'class_weight': {1: 0.7832436587240584, 0: 0.2167563412759416}}",0.5981127450980391,0.03110937494383021,43
15,0.3097376346588135,0.00743794808239557,0.014598965644836426,0.001028698823536489,110,19,55,log2,40,entropy,"{1: 0.7832436587240584, 0: 0.2167563412759416}","{'n_estimators': 110, 'min_samples_split': 19, 'min_samples_leaf': 55, 'max_features': 'log2', 'max_depth': 40, 'criterion': 'entropy', 'class_weight': {1: 0.7832436587240584, 0: 0.2167563412759416}}",0.5981127450980391,0.03110937494383021,43
42,0.31917084455490113,0.020929871457486916,0.016353771686553956,0.002426847157393087,120,15,55,log2,25,gini,"{1: 0.7832436587240584, 0: 0.2167563412759416}","{'n_estimators': 120, 'min_samples_split': 15, 'min_samples_leaf': 55, 'max_features': 'log2', 'max_depth': 25, 'criterion': 'gini', 'class_weight': {1: 0.7832436587240584, 0: 0.2167563412759416}}",0.5980714654282765,0.031190981489975834,45
59,0.35420756816864013,0.028426707637544294,0.018484442234039306,0.004669289328265139,120,15,55,auto,40,gini,"{1: 0.7832436587240584, 0: 0.2167563412759416}","{'n_estimators': 120, 'min_samples_split': 15, 'min_samples_leaf': 55, 'max_features': 'auto', 'max_depth': 40, 'criterion': 'gini', 'class_weight': {1: 0.7832436587240584, 0: 0.2167563412759416}}",0.5980714654282765,0.031190981489975834,45
95,0.3365252232551575,0.028534241744972037,0.017304503917694093,0.0029585560619549956,120,21,57,auto,30,gini,"{1: 0.7832436587240584, 0: 0.2167563412759416}","{'n_estimators': 120, 'min_samples_split': 21, 'min_samples_leaf': 57, 'max_features': 'auto', 'max_depth': 30, 'criterion': 'gini', 'class_weight': {1: 0.7832436587240584, 0: 0.2167563412759416}}",0.5980314757481939,0.031032571633410142,47
11,0.3095396566390991,0.013306498896857677,0.016013898849487306,0.0021567667228535093,120,15,57,auto,35,gini,"{1: 0.7832436587240584, 0: 0.2167563412759416}","{'n_estimators': 120, 'min_samples_split': 15, 'min_samples_leaf': 57, 'max_features': 'auto', 'max_depth': 35, 'criterion': 'gini', 'class_weight': {1: 0.7832436587240584, 0: 0.2167563412759416}}",0.5980314757481939,0.031032571633410142,47
1,0.2713610601425171,0.01221115163336327,0.014143242835998535,0.0017033798068796823,110,17,57,auto,20,gini,"{1: 0.7832436587240584, 0: 0.2167563412759416}","{'n_estimators': 110, 'min_samples_split': 17, 'min_samples_leaf': 57, 'max_features': 'auto', 'max_depth': 20, 'criterion': 'gini', 'class_weight': {1: 0.7832436587240584, 0: 0.2167563412759416}}",0.5980276057791538,0.03095981195707191,49
64,0.3787834906578064,0.03454869242115771,0.017429509162902833,0.0023077427803176124,130,23,60,auto,20,entropy,"{1: 0.7832436587240584, 0: 0.2167563412759416}","{'n_estimators': 130, 'min_samples_split': 23, 'min_samples_leaf': 60, 'max_features': 'auto', 'max_depth': 20, 'criterion': 'entropy', 'class_weight': {1: 0.7832436587240584, 0: 0.2167563412759416}}",0.5979914860681115,0.031509072847464306,50
60,0.32070438623428343,0.02112733018906985,0.01619443893432617,0.0020126066653817303,120,19,54,auto,30,gini,"{1: 0.7832436587240584, 0: 0.2167563412759416}","{'n_estimators': 120, 'min_samples_split': 19, 'min_samples_leaf': 54, 'max_features': 'auto', 'max_depth': 30, 'criterion': 'gini', 'class_weight': {1: 0.7832436587240584, 0: 0.2167563412759416}}",0.5979837461300309,0.030705332841858606,51
75,0.37395419120788576,0.024982268332964533,0.018435730934143066,0.0019995005872366135,140,21,51,log2,20,gini,"{1: 0.7832436587240584, 0: 0.2167563412759416}","{'n_estimators': 140, 'min_samples_split': 21, 'min_samples_leaf': 51, 'max_features': 'log2', 'max_depth': 20, 'criterion': 'gini', 'class_weight': {1: 0.7832436587240584, 0: 0.2167563412759416}}",0.5979785861713106,0.031419342312798006,52
94,0.2743852639198303,0.022605864980441894,0.0126336407661438,0.0015084077397934223,90,23,53,log2,20,entropy,"{1: 0.7832436587240584, 0: 0.2167563412759416}","{'n_estimators': 90, 'min_samples_split': 23, 'min_samples_leaf': 53, 'max_features': 'log2', 'max_depth': 20, 'criterion': 'entropy', 'class_weight': {1: 0.7832436587240584, 0: 0.2167563412759416}}",0.5979760061919505,0.030352185220253538,53
22,0.404974730014801,0.024625903022028665,0.020425488948822023,0.00340658161692251,150,23,55,auto,30,gini,"{1: 0.7832436587240584, 0: 0.2167563412759416}","{'n_estimators': 150, 'min_samples_split': 23, 'min_samples_leaf': 55, 'max_features': 'auto', 'max_depth': 30, 'criterion': 'gini', 'class_weight': {1: 0.7832436587240584, 0: 0.2167563412759416}}",0.5979656862745099,0.030005261200000993,54
76,0.4066409873962402,0.023590537147939766,0.02022470235824585,0.003081184972983146,150,17,55,auto,30,gini,"{1: 0.7832436587240584, 0: 0.2167563412759416}","{'n_estimators': 150, 'min_samples_split': 17, 'min_samples_leaf': 55, 'max_features': 'auto', 'max_depth': 30, 'criterion': 'gini', 'class_weight': {1: 0.7832436587240584, 0: 0.2167563412759416}}",0.5979656862745099,0.030005261200000993,54
87,0.4058899569511414,0.032143967091116735,0.02024442911148071,0.0028435566247891893,150,23,55,log2,40,gini,"{1: 0.7832436587240584, 0: 0.2167563412759416}","{'n_estimators': 150, 'min_samples_split': 23, 'min_samples_leaf': 55, 'max_features': 'log2', 'max_depth': 40, 'criterion': 'gini', 'class_weight': {1: 0.7832436587240584, 0: 0.2167563412759416}}",0.5979656862745099,0.030005261200000993,54
91,0.45369534969329833,0.058641331421942916,0.022065310478210448,0.005835835686389506,150,15,52,log2,40,gini,"{1: 0.7832436587240584, 0: 0.2167563412759416}","{'n_estimators': 150, 'min_samples_split': 15, 'min_samples_leaf': 52, 'max_features': 'log2', 'max_depth': 40, 'criterion': 'gini', 'class_weight': {1: 0.7832436587240584, 0: 0.2167563412759416}}",0.5979282765737873,0.029984716252242898,57
78,0.20401562452316285,0.00904342349819291,0.010072882175445557,0.0011510978577186917,70,17,56,auto,35,entropy,"{1: 0.7832436587240584, 0: 0.2167563412759416}","{'n_estimators': 70, 'min_samples_split': 17, 'min_samples_leaf': 56, 'max_features': 'auto', 'max_depth': 35, 'criterion': 'entropy', 'class_weight': {1: 0.7832436587240584, 0: 0.2167563412759416}}",0.5978934468524253,0.030521770041764207,58
54,0.20373581409454344,0.010735242652138552,0.01056241512298584,0.003537040622379285,70,17,56,auto,20,entropy,"{1: 0.7832436587240584, 0: 0.2167563412759416}","{'n_estimators': 70, 'min_samples_split': 17, 'min_samples_leaf': 56, 'max_features': 'auto', 'max_depth': 20, 'criterion': 'entropy', 'class_weight': {1: 0.7832436587240584, 0: 0.2167563412759416}}",0.5978934468524253,0.030521770041764207,58
6,0.334548602104187,0.014058919418851169,0.017373814582824706,0.002914911323260361,130,15,60,log2,40,gini,"{1: 0.7832436587240584, 0: 0.2167563412759416}","{'n_estimators': 130, 'min_samples_split': 15, 'min_samples_leaf': 60, 'max_features': 'log2', 'max_depth': 40, 'criterion': 'gini', 'class_weight': {1: 0.7832436587240584, 0: 0.2167563412759416}}",0.5978689370485036,0.03133290601337163,60
8,0.34727551221847536,0.026075922166718394,0.01794424057006836,0.002702028469085172,130,21,51,log2,20,gini,"{1: 0.7832436587240584, 0: 0.2167563412759416}","{'n_estimators': 130, 'min_samples_split': 21, 'min_samples_leaf': 51, 'max_features': 'log2', 'max_depth': 20, 'criterion': 'gini', 'class_weight': {1: 0.7832436587240584, 0: 0.2167563412759416}}",0.5978250773993807,0.031772585765412496,61
89,0.46049336194992063,0.035747867234204596,0.02156487464904785,0.004309609607771255,150,17,56,auto,25,entropy,"{1: 0.7832436587240584, 0: 0.2167563412759416}","{'n_estimators': 150, 'min_samples_split': 17, 'min_samples_leaf': 56, 'max_features': 'auto', 'max_depth': 25, 'criterion': 'entropy', 'class_weight': {1: 0.7832436587240584, 0: 0.2167563412759416}}",0.5977128482972136,0.029602783997453495,62
2,0.4200996685028076,0.030580699995359575,0.01889944076538086,0.00344301776666081,150,15,56,log2,20,entropy,"{1: 0.7832436587240584, 0: 0.2167563412759416}","{'n_estimators': 150, 'min_samples_split': 15, 'min_samples_leaf': 56, 'max_features': 'log2', 'max_depth': 20, 'criterion': 'entropy', 'class_weight': {1: 0.7832436587240584, 0: 0.2167563412759416}}",0.5977128482972136,0.029602783997453495,62
12,0.4226245021820068,0.03400936195107091,0.019344608783721923,0.003456722171882872,140,23,52,auto,25,entropy,"{1: 0.7832436587240584, 0: 0.2167563412759416}","{'n_estimators': 140, 'min_samples_split': 23, 'min_samples_leaf': 52, 'max_features': 'auto', 'max_depth': 25, 'criterion': 'entropy', 'class_weight': {1: 0.7832436587240584, 0: 0.2167563412759416}}",0.5976535087719299,0.03058012703798557,64
58,0.21335858345031739,0.02291619049450921,0.011992037296295166,0.003399693819150679,70,23,56,auto,20,gini,"{1: 0.7832436587240584, 0: 0.2167563412759416}","{'n_estimators': 70, 'min_samples_split': 23, 'min_samples_leaf': 56, 'max_features': 'auto', 'max_depth': 20, 'criterion': 'gini', 'class_weight': {1: 0.7832436587240584, 0: 0.2167563412759416}}",0.5976535087719298,0.029994850998311978,65
69,0.19605687379837036,0.019878921312164646,0.011022732257843018,0.003373886334120955,70,19,56,auto,25,gini,"{1: 0.7832436587240584, 0: 0.2167563412759416}","{'n_estimators': 70, 'min_samples_split': 19, 'min_samples_leaf': 56, 'max_features': 'auto', 'max_depth': 25, 'criterion': 'gini', 'class_weight': {1: 0.7832436587240584, 0: 0.2167563412759416}}",0.5976535087719298,0.029994850998311978,65
68,0.3866060471534729,0.027686176284884692,0.017504091262817382,0.0020379319470905095,130,19,56,auto,35,entropy,"{1: 0.7832436587240584, 0: 0.2167563412759416}","{'n_estimators': 130, 'min_samples_split': 19, 'min_samples_leaf': 56, 'max_features': 'auto', 'max_depth': 35, 'criterion': 'entropy', 'class_weight': {1: 0.7832436587240584, 0: 0.2167563412759416}}",0.5976431888544892,0.030263384741816102,67
55,0.41186280965805055,0.02095398957352136,0.019095072746276854,0.002724749150778355,140,17,50,log2,25,entropy,"{1: 0.7832436587240584, 0: 0.2167563412759416}","{'n_estimators': 140, 'min_samples_split': 17, 'min_samples_leaf': 50, 'max_features': 'log2', 'max_depth': 25, 'criterion': 'entropy', 'class_weight': {1: 0.7832436587240584, 0: 0.2167563412759416}}",0.5976393188854491,0.031035470810367616,68
62,0.3915216398239136,0.03225265644386591,0.018839750289916992,0.004286243090767058,130,17,55,auto,20,entropy,"{1: 0.7832436587240584, 0: 0.2167563412759416}","{'n_estimators': 130, 'min_samples_split': 17, 'min_samples_leaf': 55, 'max_features': 'auto', 'max_depth': 20, 'criterion': 'entropy', 'class_weight': {1: 0.7832436587240584, 0: 0.2167563412759416}}",0.5976354489164087,0.030456859351437198,69
25,0.2256324100494385,0.022224556257066957,0.012377896308898927,0.003039244399995393,80,17,51,log2,25,gini,"{1: 0.7832436587240584, 0: 0.2167563412759416}","{'n_estimators': 80, 'min_samples_split': 17, 'min_samples_leaf': 51, 'max_features': 'log2', 'max_depth': 25, 'criterion': 'gini', 'class_weight': {1: 0.7832436587240584, 0: 0.2167563412759416}}",0.5976225490196079,0.030698723600741024,70
53,0.21214769124984742,0.008287654299783098,0.01139272928237915,0.0013706175682466327,80,21,51,log2,30,gini,"{1: 0.7832436587240584, 0: 0.2167563412759416}","{'n_estimators': 80, 'min_samples_split': 21, 'min_samples_leaf': 51, 'max_features': 'log2', 'max_depth': 30, 'criterion': 'gini', 'class_weight': {1: 0.7832436587240584, 0: 0.2167563412759416}}",0.5976225490196079,0.030698723600741024,70
9,0.2901711630821228,0.01859960584630622,0.0139634108543396,0.0020590874420686454,100,19,54,auto,35,entropy,"{1: 0.7832436587240584, 0: 0.2167563412759416}","{'n_estimators': 100, 'min_samples_split': 19, 'min_samples_leaf': 54, 'max_features': 'auto', 'max_depth': 35, 'criterion': 'entropy', 'class_weight': {1: 0.7832436587240584, 0: 0.2167563412759416}}",0.597532249742002,0.030878097163813827,72
81,0.26483304738998414,0.010548702424946996,0.012643041610717774,0.0016403069922311234,90,19,51,auto,30,entropy,"{1: 0.7832436587240584, 0: 0.2167563412759416}","{'n_estimators': 90, 'min_samples_split': 19, 'min_samples_leaf': 51, 'max_features': 'auto', 'max_depth': 30, 'criterion': 'entropy', 'class_weight': {1: 0.7832436587240584, 0: 0.2167563412759416}}",0.5975232198142416,0.03074629176743399,73
31,0.4173467302322388,0.025485245216686533,0.01931454420089722,0.0027010085080267014,140,21,51,auto,40,entropy,"{1: 0.7832436587240584, 0: 0.2167563412759416}","{'n_estimators': 140, 'min_samples_split': 21, 'min_samples_leaf': 51, 'max_features': 'auto', 'max_depth': 40, 'criterion': 'entropy', 'class_weight': {1: 0.7832436587240584, 0: 0.2167563412759416}}",0.5973632610939112,0.031361069193649616,74
84,0.23287539958953857,0.008343003188903884,0.012183034420013427,0.0011080831739719548,90,15,57,log2,30,gini,"{1: 0.7832436587240584, 0: 0.2167563412759416}","{'n_estimators': 90, 'min_samples_split': 15, 'min_samples_leaf': 57, 'max_features': 'log2', 'max_depth': 30, 'criterion': 'gini', 'class_weight': {1: 0.7832436587240584, 0: 0.2167563412759416}}",0.5973426212590299,0.031823472829036414,75
48,0.3682508683204651,0.020031931618033776,0.016864144802093507,0.0032933086491141596,120,23,50,log2,25,entropy,"{1: 0.7832436587240584, 0: 0.2167563412759416}","{'n_estimators': 120, 'min_samples_split': 23, 'min_samples_leaf': 50, 'max_features': 'log2', 'max_depth': 25, 'criterion': 'entropy', 'class_weight': {1: 0.7832436587240584, 0: 0.2167563412759416}}",0.5972974716202271,0.03071080669225046,76
82,0.36356189250946047,0.01626593755597912,0.018444392681121826,0.002695968821517467,140,15,54,log2,40,gini,"{1: 0.7832436587240584, 0: 0.2167563412759416}","{'n_estimators': 140, 'min_samples_split': 15, 'min_samples_leaf': 54, 'max_features': 'log2', 'max_depth': 40, 'criterion': 'gini', 'class_weight': {1: 0.7832436587240584, 0: 0.2167563412759416}}",0.5972665118679051,0.02981655645101199,77
38,0.41976393699646,0.03940519159194048,0.020975582599639893,0.007828298645794582,150,19,51,log2,35,gini,"{1: 0.7832436587240584, 0: 0.2167563412759416}","{'n_estimators': 150, 'min_samples_split': 19, 'min_samples_leaf': 51, 'max_features': 'log2', 'max_depth': 35, 'criterion': 'gini', 'class_weight': {1: 0.7832436587240584, 0: 0.2167563412759416}}",0.5972213622291022,0.03137806080136553,78
46,0.31159382343292236,0.01046107878907819,0.014663379192352295,0.001662575819387214,110,19,54,auto,25,entropy,"{1: 0.7832436587240584, 0: 0.2167563412759416}","{'n_estimators': 110, 'min_samples_split': 19, 'min_samples_leaf': 54, 'max_features': 'auto', 'max_depth': 25, 'criterion': 'entropy', 'class_weight': {1: 0.7832436587240584, 0: 0.2167563412759416}}",0.5972007223942207,0.031839561241677916,79
28,0.3301826000213623,0.029763881651247746,0.014983503818511964,0.0019803032146696042,110,23,54,log2,25,entropy,"{1: 0.7832436587240584, 0: 0.2167563412759416}","{'n_estimators': 110, 'min_samples_split': 23, 'min_samples_leaf': 54, 'max_features': 'log2', 'max_depth': 25, 'criterion': 'entropy', 'class_weight': {1: 0.7832436587240584, 0: 0.2167563412759416}}",0.5972007223942207,0.031839561241677916,79
71,0.3163241767883301,0.011721601006257087,0.015373728275299071,0.0023232518205230338,110,19,54,log2,30,entropy,"{1: 0.7832436587240584, 0: 0.2167563412759416}","{'n_estimators': 110, 'min_samples_split': 19, 'min_samples_leaf': 54, 'max_features': 'log2', 'max_depth': 30, 'criterion': 'entropy', 'class_weight': {1: 0.7832436587240584, 0: 0.2167563412759416}}",0.5972007223942207,0.031839561241677916,79
32,0.3836640238761902,0.045088196172810714,0.020174570083618164,0.007065588220251515,130,21,50,log2,40,gini,"{1: 0.7832436587240584, 0: 0.2167563412759416}","{'n_estimators': 130, 'min_samples_split': 21, 'min_samples_leaf': 50, 'max_features': 'log2', 'max_depth': 40, 'criterion': 'gini', 'class_weight': {1: 0.7832436587240584, 0: 0.2167563412759416}}",0.5971968524251805,0.03206186479069065,82
24,0.3323196268081665,0.02937786484275075,0.015009891986846925,0.001908510395935772,110,21,52,log2,25,entropy,"{1: 0.7832436587240584, 0: 0.2167563412759416}","{'n_estimators': 110, 'min_samples_split': 21, 'min_samples_leaf': 52, 'max_features': 'log2', 'max_depth': 25, 'criterion': 'entropy', 'class_weight': {1: 0.7832436587240584, 0: 0.2167563412759416}}",0.5970794633642931,0.03105918694124439,83
45,0.3173650312423706,0.012452343906700383,0.014493143558502198,0.00104436691149156,110,19,52,auto,30,entropy,"{1: 0.7832436587240584, 0: 0.2167563412759416}","{'n_estimators': 110, 'min_samples_split': 19, 'min_samples_leaf': 52, 'max_features': 'auto', 'max_depth': 30, 'criterion': 'entropy', 'class_weight': {1: 0.7832436587240584, 0: 0.2167563412759416}}",0.5970794633642931,0.03105918694124439,83
80,0.19226372241973877,0.011486251524608207,0.010542724132537842,0.0017113283752280834,70,15,59,log2,40,gini,"{1: 0.7832436587240584, 0: 0.2167563412759416}","{'n_estimators': 70, 'min_samples_split': 15, 'min_samples_leaf': 59, 'max_features': 'log2', 'max_depth': 40, 'criterion': 'gini', 'class_weight': {1: 0.7832436587240584, 0: 0.2167563412759416}}",0.5970652734778121,0.03019856404461658,85
66,0.42277087688446047,0.025551673916934255,0.019704604148864747,0.003662484725095002,140,15,55,auto,30,entropy,"{1: 0.7832436587240584, 0: 0.2167563412759416}","{'n_estimators': 140, 'min_samples_split': 15, 'min_samples_leaf': 55, 'max_features': 'auto', 'max_depth': 30, 'criterion': 'entropy', 'class_weight': {1: 0.7832436587240584, 0: 0.2167563412759416}}",0.5970562435500516,0.030445854141405278,86
98,0.4681661820411682,0.03180938935540739,0.02125519037246704,0.0045778698508997405,150,19,51,log2,20,entropy,"{1: 0.7832436587240584, 0: 0.2167563412759416}","{'n_estimators': 150, 'min_samples_split': 19, 'min_samples_leaf': 51, 'max_features': 'log2', 'max_depth': 20, 'criterion': 'entropy', 'class_weight': {1: 0.7832436587240584, 0: 0.2167563412759416}}",0.5970136738906088,0.030813770334245972,87
4,0.36100699186325075,0.03891806135182385,0.016164791584014893,0.003319523958152975,120,19,54,auto,40,entropy,"{1: 0.7832436587240584, 0: 0.2167563412759416}","{'n_estimators': 120, 'min_samples_split': 19, 'min_samples_leaf': 54, 'max_features': 'auto', 'max_depth': 40, 'criterion': 'entropy', 'class_weight': {1: 0.7832436587240584, 0: 0.2167563412759416}}",0.5969827141382869,0.03118034850930226,88
56,0.38306599855422974,0.02791598839441217,0.017094037532806396,0.002892486028186299,120,23,54,log2,40,entropy,"{1: 0.7832436587240584, 0: 0.2167563412759416}","{'n_estimators': 120, 'min_samples_split': 23, 'min_samples_leaf': 54, 'max_features': 'log2', 'max_depth': 40, 'criterion': 'entropy', 'class_weight': {1: 0.7832436587240584, 0: 0.2167563412759416}}",0.5969827141382869,0.03118034850930226,88
43,0.4355980944633484,0.011678547464832276,0.019674696922302247,0.0016068542306300734,150,21,50,auto,20,entropy,"{1: 0.7832436587240584, 0: 0.2167563412759416}","{'n_estimators': 150, 'min_samples_split': 21, 'min_samples_leaf': 50, 'max_features': 'auto', 'max_depth': 20, 'criterion': 'entropy', 'class_weight': {1: 0.7832436587240584, 0: 0.2167563412759416}}",0.5969388544891641,0.030831705745660503,90
85,0.3166212749481201,0.009379154132634383,0.014433405399322509,0.001133885144536144,110,17,51,log2,35,entropy,"{1: 0.7832436587240584, 0: 0.2167563412759416}","{'n_estimators': 110, 'min_samples_split': 17, 'min_samples_leaf': 51, 'max_features': 'log2', 'max_depth': 35, 'criterion': 'entropy', 'class_weight': {1: 0.7832436587240584, 0: 0.2167563412759416}}",0.5968188854489164,0.03050047638611413,91
40,0.2182541036605835,0.015320548112741094,0.010612392425537109,0.0017937565963172379,70,15,51,auto,30,entropy,"{1: 0.7832436587240584, 0: 0.2167563412759416}","{'n_estimators': 70, 'min_samples_split': 15, 'min_samples_leaf': 51, 'max_features': 'auto', 'max_depth': 30, 'criterion': 'entropy', 'class_weight': {1: 0.7832436587240584, 0: 0.2167563412759416}}",0.5967672858617131,0.029541045442345062,92
16,0.31870657682418824,0.010605119479265254,0.01471346378326416,0.0011518611985650404,110,19,50,log2,35,entropy,"{1: 0.7832436587240584, 0: 0.2167563412759416}","{'n_estimators': 110, 'min_samples_split': 19, 'min_samples_leaf': 50, 'max_features': 'log2', 'max_depth': 35, 'criterion': 'entropy', 'class_weight': {1: 0.7832436587240584, 0: 0.2167563412759416}}",0.5967195562435501,0.030575133124829085,93
88,0.4185715341567993,0.03281290848474823,0.021233420372009277,0.00418211021811168,150,21,50,auto,35,gini,"{1: 0.7832436587240584, 0: 0.2167563412759416}","{'n_estimators': 150, 'min_samples_split': 21, 'min_samples_leaf': 50, 'max_features': 'auto', 'max_depth': 35, 'criterion': 'gini', 'class_weight': {1: 0.7832436587240584, 0: 0.2167563412759416}}",0.5965957172342621,0.03097786436472331,94
97,0.376420886516571,0.016316150268961632,0.017164645195007325,0.0018596491842399132,130,23,53,log2,40,entropy,"{1: 0.7832436587240584, 0: 0.2167563412759416}","{'n_estimators': 130, 'min_samples_split': 23, 'min_samples_leaf': 53, 'max_features': 'log2', 'max_depth': 40, 'criterion': 'entropy', 'class_weight': {1: 0.7832436587240584, 0: 0.2167563412759416}}",0.5965570175438596,0.03045344893350693,95
26,0.2210596537590027,0.023996359408301162,0.01137155294418335,0.003149074546866739,70,19,59,log2,20,entropy,"{1: 0.7832436587240584, 0: 0.2167563412759416}","{'n_estimators': 70, 'min_samples_split': 19, 'min_samples_leaf': 59, 'max_features': 'log2', 'max_depth': 20, 'criterion': 'entropy', 'class_weight': {1: 0.7832436587240584, 0: 0.2167563412759416}}",0.5961171310629515,0.032167834582863465,96
17,0.3716823863983154,0.01188606778629002,0.017088494300842284,0.001531143194008161,130,21,54,auto,25,entropy,"{1: 0.7832436587240584, 0: 0.2167563412759416}","{'n_estimators': 130, 'min_samples_split': 21, 'min_samples_leaf': 54, 'max_features': 'auto', 'max_depth': 25, 'criterion': 'entropy', 'class_weight': {1: 0.7832436587240584, 0: 0.2167563412759416}}",0.5960990712074303,0.031018390890948034,97
79,0.43846874475479125,0.01929655111039155,0.020385336875915528,0.0029323450447255412,150,17,53,log2,25,entropy,"{1: 0.7832436587240584, 0: 0.2167563412759416}","{'n_estimators': 150, 'min_samples_split': 17, 'min_samples_leaf': 53, 'max_features': 'log2', 'max_depth': 25, 'criterion': 'entropy', 'class_weight': {1: 0.7832436587240584, 0: 0.2167563412759416}}",0.5958694530443757,0.030247682749858004,98
47,0.34614535808563235,0.012349771633805113,0.016113274097442627,0.0016732424057911998,120,17,53,log2,30,entropy,"{1: 0.7832436587240584, 0: 0.2167563412759416}","{'n_estimators': 120, 'min_samples_split': 17, 'min_samples_leaf': 53, 'max_features': 'log2', 'max_depth': 30, 'criterion': 'entropy', 'class_weight': {1: 0.7832436587240584, 0: 0.2167563412759416}}",0.5955405056759545,0.029743820252667412,99
36,0.3826658892631531,0.051047704290336636,0.018394246101379394,0.005706290410324735,120,15,53,auto,30,entropy,"{1: 0.7832436587240584, 0: 0.2167563412759416}","{'n_estimators': 120, 'min_samples_split': 15, 'min_samples_leaf': 53, 'max_features': 'auto', 'max_depth': 30, 'criterion': 'entropy', 'class_weight': {1: 0.7832436587240584, 0: 0.2167563412759416}}",0.5955405056759545,0.029743820252667412,99
